ÔªøLevel,Date and Time,Source,Event ID,Task Category
Warning,20/05/2026 21:31:47,Microsoft-Windows-DistributedCOM,10016,None,"The application-specific permission settings do not grant Local Launch permission for the COM Server application with CLSID 
Windows.SecurityCenter.WscDataProtection
 and APPID 
Unavailable
 to the user NT AUTHORITY\SYSTEM SID (S-1-5-18) from address LocalHost (Using LRPC) running in the application container Unavailable SID (Unavailable). This security permission can be modified using the Component Services administrative tool."
Warning,20/05/2026 21:31:47,Microsoft-Windows-DistributedCOM,10016,None,"The application-specific permission settings do not grant Local Launch permission for the COM Server application with CLSID 
Windows.SecurityCenter.WscBrokerManager
 and APPID 
Unavailable
 to the user NT AUTHORITY\SYSTEM SID (S-1-5-18) from address LocalHost (Using LRPC) running in the application container Unavailable SID (Unavailable). This security permission can be modified using the Component Services administrative tool."
Warning,20/05/2026 21:31:47,Microsoft-Windows-DistributedCOM,10016,None,"The application-specific permission settings do not grant Local Launch permission for the COM Server application with CLSID 
Windows.SecurityCenter.SecurityAppBroker
 and APPID 
Unavailable
 to the user NT AUTHORITY\SYSTEM SID (S-1-5-18) from address LocalHost (Using LRPC) running in the application container Unavailable SID (Unavailable). This security permission can be modified using the Component Services administrative tool."
Warning,20/05/2026 21:30:11,Microsoft-Windows-DistributedCOM,10016,None,"The machine-default permission settings do not grant Local Activation permission for the COM Server application with CLSID 
{F87B28F1-DA9A-4F35-8EC0-800EFCF26B83}
 and APPID 
{0868DC9B-D9A2-4F64-9362-133CEA201299}
 to the user NT AUTHORITY\NETWORK SERVICE SID (S-1-5-20) from address LocalHost (Using LRPC) running in the application container Unavailable SID (Unavailable). This security permission can be modified using the Component Services administrative tool."
Information,20/05/2026 21:30:04,Microsoft-Windows-Winlogon,7001,(1101),User Log-on Notification for Customer Experience Improvement Program
Information,20/05/2026 21:29:56,Service Control Manager,7026,None,"The following boot-start or system-start driver(s) did not load: 
dam"
Information,20/05/2026 21:29:53,Microsoft-Windows-DHCPv6-Client,51046,Service State Event,DHCPv6 client service is started
Information,20/05/2026 21:29:53,Microsoft-Windows-Dhcp-Client,50103,Service State Event,DHCPv4 client registered for shutdown notification
Information,20/05/2026 21:29:53,Microsoft-Windows-Dhcp-Client,50036,Service State Event,DHCPv4 client service is started
Information,20/05/2026 21:29:53,Microsoft-Windows-Kernel-General,1,(5),"The system time has changed to ‚Äé2026‚Äé-‚Äé05‚Äé-‚Äé20T20:29:53.817000000Z from ‚Äé2026‚Äé-‚Äé05‚Äé-‚Äé20T21:29:52.783796400Z.

Change Reason: An application or system component changed the time.
Process: '\Device\HarddiskVolume2\Windows\System32\VBoxService.exe' (PID 1292)."
Information,20/05/2026 21:29:53,Microsoft-Windows-Kernel-General,24,(11),The time zone information was refreshed with exit reason 0. Current time zone bias is -60.
Information,20/05/2026 22:29:52,Microsoft-Windows-FilterManager,6,None,"File System Filter 'bindflt' (10.0, ‚Äé2091‚Äé-‚Äé04‚Äé-‚Äé16T00:55:03.000000000Z) has successfully loaded and registered with Filter Manager."
Information,20/05/2026 22:29:52,Microsoft-Windows-FilterManager,6,None,"File System Filter 'UCPD' (10.0, ‚Äé2006‚Äé-‚Äé08‚Äé-‚Äé28T12:56:22.000000000Z) has successfully loaded and registered with Filter Manager."
Information,20/05/2026 22:29:52,Microsoft-Windows-FilterManager,6,None,"File System Filter 'storqosflt' (10.0, ‚Äé2038‚Äé-‚Äé12‚Äé-‚Äé03T10:18:20.000000000Z) has successfully loaded and registered with Filter Manager."
Information,20/05/2026 22:29:52,Microsoft-Windows-FilterManager,6,None,"File System Filter 'CldFlt' (10.0, ‚Äé2032‚Äé-‚Äé05‚Äé-‚Äé25T09:06:53.000000000Z) has successfully loaded and registered with Filter Manager."
Information,20/05/2026 22:29:52,Microsoft-Windows-FilterManager,1,None,"File System Filter 'CldFlt' (Version 10.0, ‚Äé2032‚Äé-‚Äé05‚Äé-‚Äé25T09:06:53.000000000Z) unloaded successfully."
Information,20/05/2026 22:29:52,Microsoft-Windows-FilterManager,6,None,"File System Filter 'CldFlt' (10.0, ‚Äé2032‚Äé-‚Äé05‚Äé-‚Äé25T09:06:53.000000000Z) has successfully loaded and registered with Filter Manager."
Information,20/05/2026 22:29:52,Microsoft-Windows-FilterManager,6,None,"File System Filter 'luafv' (10.0, ‚Äé1996‚Äé-‚Äé01‚Äé-‚Äé27T13:16:28.000000000Z) has successfully loaded and registered with Filter Manager."
Information,20/05/2026 22:29:52,Microsoft-Windows-FilterManager,6,None,"File System Filter 'wcifs' (10.0, ‚Äé2043‚Äé-‚Äé11‚Äé-‚Äé04T12:04:53.000000000Z) has successfully loaded and registered with Filter Manager."
Information,20/05/2026 22:29:51,Microsoft-Windows-Directory-Services-SAM,16983,None,"The security account manager is now logging periodic summary events for remote clients that call legacy password change or set RPC methods.

For more information please see https://go.microsoft.com/fwlink/?linkid=2150956.
"
Information,20/05/2026 22:29:51,Microsoft-Windows-Directory-Services-SAM,16977,None,"The domain is configured with the following minimum password length-related settings.

MinimumPasswordLength: 0

RelaxMinimumPasswordLengthLimits: 0

MinimumPasswordLengthAudit: -1

For more information see https://go.microsoft.com/fwlink/?LinkId=2097191.
"
Information,20/05/2026 22:29:51,Microsoft-Windows-Directory-Services-SAM,16962,None,"Remote calls to the SAM database are being restricted using the default security descriptor: O:SYG:SYD:(A;;RC;;;BA).
For more information please see http://go.microsoft.com/fwlink/?LinkId=787651."
Information,20/05/2026 22:29:51,Microsoft-Windows-Wininit,14,None,"Credential Guard configuration: 0x0, 0"
Information,20/05/2026 22:29:50,Microsoft-Windows-Kernel-General,24,(11),The time zone information was refreshed with exit reason 0. Current time zone bias is -60.
Information,20/05/2026 22:29:49,Microsoft-Windows-Ntfs,98,None,Volume \\?\Volume{b6f36d9a-0000-0000-0000-405d0c000000} (\Device\HarddiskVolume3) is healthy.  No action is needed.
Information,20/05/2026 22:29:44,Microsoft-Windows-Kernel-Power,521,(220),Active battery count change.
Information,20/05/2026 22:29:44,Microsoft-Windows-Kernel-Power,105,(100),Power source change.
Information,20/05/2026 22:29:44,Microsoft-Windows-Kernel-Power,521,(220),Active battery count change.
Information,20/05/2026 22:29:44,Microsoft-Windows-Kernel-Processor-Power,55,(47),"Processor 3 in group 0 exposes the following power management capabilities:

Idle state type: ACPI Idle (C) States (1 state(s))

Performance state type: None
Nominal Frequency (MHz): 2995
Maximum performance percentage: 100
Minimum performance percentage: 100
Minimum throttle percentage: 100"
Information,20/05/2026 22:29:44,Microsoft-Windows-Kernel-Processor-Power,55,(47),"Processor 2 in group 0 exposes the following power management capabilities:

Idle state type: ACPI Idle (C) States (1 state(s))

Performance state type: None
Nominal Frequency (MHz): 2995
Maximum performance percentage: 100
Minimum performance percentage: 100
Minimum throttle percentage: 100"
Information,20/05/2026 22:29:44,Microsoft-Windows-Kernel-Processor-Power,55,(47),"Processor 1 in group 0 exposes the following power management capabilities:

Idle state type: ACPI Idle (C) States (1 state(s))

Performance state type: None
Nominal Frequency (MHz): 2995
Maximum performance percentage: 100
Minimum performance percentage: 100
Minimum throttle percentage: 100"
Information,20/05/2026 22:29:44,Microsoft-Windows-Kernel-Processor-Power,55,(47),"Processor 0 in group 0 exposes the following power management capabilities:

Idle state type: ACPI Idle (C) States (1 state(s))

Performance state type: None
Nominal Frequency (MHz): 2995
Maximum performance percentage: 100
Minimum performance percentage: 100
Minimum throttle percentage: 100"
Information,20/05/2026 22:29:43,Microsoft-Windows-Kernel-Power,172,(203),"Connectivity state in standby: Disconnected, Reason: NIC compliance"
Critical,20/05/2026 22:29:43,Microsoft-Windows-Kernel-Power,41,(63),"The system has rebooted without cleanly shutting down first. This error could be caused if the system stopped responding, crashed, or lost power unexpectedly."
Information,20/05/2026 22:29:43,Microsoft-Windows-Ntfs,98,None,Volume \\?\Volume{b6f36d9a-0000-0000-0000-100000000000} (\Device\HarddiskVolume1) is healthy.  No action is needed.
Information,20/05/2026 22:29:43,Microsoft-Windows-FilterManager,6,None,"File System Filter 'npsvctrig' (10.0, ‚Äé2025‚Äé-‚Äé01‚Äé-‚Äé06T03:41:12.000000000Z) has successfully loaded and registered with Filter Manager."
Information,20/05/2026 22:29:42,Microsoft-Windows-FilterManager,6,None,"File System Filter 'FileCrypt' (10.0, ‚Äé2002‚Äé-‚Äé03‚Äé-‚Äé01T12:12:42.000000000Z) has successfully loaded and registered with Filter Manager."
Information,20/05/2026 22:29:41,Microsoft-Windows-Ntfs,98,None,Volume C: (\Device\HarddiskVolume2) is healthy.  No action is needed.
Information,20/05/2026 22:29:33,Microsoft-Windows-FilterManager,6,None,"File System Filter 'WdFilter' (10.0, ‚Äé2021‚Äé-‚Äé12‚Äé-‚Äé23T03:07:25.000000000Z) has successfully loaded and registered with Filter Manager."
Information,20/05/2026 22:29:33,Microsoft-Windows-FilterManager,6,None,"File System Filter 'Wof' (10.0, ‚Äé2090‚Äé-‚Äé03‚Äé-‚Äé16T19:56:17.000000000Z) has successfully loaded and registered with Filter Manager."
Information,20/05/2026 22:29:33,Microsoft-Windows-FilterManager,6,None,"File System Filter 'FileInfo' (10.0, ‚Äé2062‚Äé-‚Äé12‚Äé-‚Äé23T06:21:06.000000000Z) has successfully loaded and registered with Filter Manager."
Information,20/05/2026 22:29:33,Microsoft-Windows-HAL,16,None,The iommu fault reporting has been initialized.
Information,20/05/2026 22:29:52,EventLog,6013,None,The system uptime is 21 seconds.
Information,20/05/2026 22:29:52,EventLog,6005,None,The Event log service was started.
Information,20/05/2026 22:29:52,EventLog,6009,None,Microsoft (R) Windows (R) 10.00. 19045  Multiprocessor Free.
Error,20/05/2026 22:29:52,EventLog,6008,None,The previous system shutdown at 19:49:37 on ‚Äé20/‚Äé05/‚Äé2026 was unexpected.
Information,20/05/2026 22:29:33,Microsoft-Windows-Kernel-General,20,(6),"The leap second configuration has been updated.
Reason: Leap second data initialized from registry during boot
Leap seconds enabled: true
New leap second count: 0
Old leap second count: 0"
Information,20/05/2026 22:29:33,Microsoft-Windows-Kernel-Boot,32,(58),The bootmgr spent 0 ms waiting for user input.
Information,20/05/2026 22:29:33,Microsoft-Windows-Kernel-Boot,18,(57),There are 0x1 boot options on this system.
Information,20/05/2026 22:29:33,Microsoft-Windows-Kernel-Boot,27,(33),The boot type was 0x0.
Information,20/05/2026 22:29:33,Microsoft-Windows-Kernel-Boot,25,(32),The boot menu policy was 0x1.
Information,20/05/2026 22:29:33,Microsoft-Windows-Kernel-Boot,20,(31),The last shutdown's success status was false. The last boot's success status was true.
Information,20/05/2026 22:29:33,Microsoft-Windows-Kernel-Boot,153,(62),Virtualization-based security (policies: 0) is disabled.
Information,20/05/2026 22:29:33,Microsoft-Windows-Kernel-General,12,(1),The operating system started at system time ‚Äé2026‚Äé-‚Äé05‚Äé-‚Äé20T21:29:31.500000000Z.
Information,20/05/2026 19:13:21,Microsoft-Windows-WindowsUpdateClient,19,Windows Update Agent,Installation Successful: Windows successfully installed the following update: 9WZDNCRFJ3P2-MICROSOFT.ZUNEVIDEO
Information,20/05/2026 19:13:20,Microsoft-Windows-WindowsUpdateClient,43,Windows Update Agent,Installation Started: Windows has started installing the following update: 9WZDNCRFJ3P2-MICROSOFT.ZUNEVIDEO
Information,20/05/2026 19:13:20,Microsoft-Windows-WindowsUpdateClient,19,Windows Update Agent,Installation Successful: Windows successfully installed the following update: 9NBLGGH4LS1F-Microsoft.StorePurchaseApp
Information,20/05/2026 19:13:19,Microsoft-Windows-WindowsUpdateClient,43,Windows Update Agent,Installation Started: Windows has started installing the following update: 9NBLGGH4LS1F-Microsoft.StorePurchaseApp
Information,20/05/2026 19:13:19,Microsoft-Windows-Kernel-General,16,None,The access history in hive \??\C:\ProgramData\Microsoft\Windows\AppRepository\Packages\Microsoft.ZuneVideo_10.26041.10031.0_x64__8wekyb3d8bbwe\ActivationStore.dat was cleared updating 0 keys and creating 0 modified pages.
Information,20/05/2026 19:13:18,Microsoft-Windows-Kernel-General,16,None,The access history in hive \??\C:\ProgramData\Microsoft\Windows\AppRepository\Packages\Microsoft.StorePurchaseApp_22601.1401.7.0_x64__8wekyb3d8bbwe\ActivationStore.dat was cleared updating 0 keys and creating 0 modified pages.
Information,20/05/2026 19:13:13,Microsoft-Windows-WindowsUpdateClient,19,Windows Update Agent,Installation Successful: Windows successfully installed the following update: 9NBLGGH42THS-Microsoft.Microsoft3DViewer
Information,20/05/2026 19:13:13,Microsoft-Windows-WindowsUpdateClient,44,Windows Update Agent,Windows Update started downloading an update.
Information,20/05/2026 19:13:13,Microsoft-Windows-WindowsUpdateClient,43,Windows Update Agent,Installation Started: Windows has started installing the following update: 9NBLGGH42THS-Microsoft.Microsoft3DViewer
Information,20/05/2026 19:13:12,Microsoft-Windows-WindowsUpdateClient,19,Windows Update Agent,Installation Successful: Windows successfully installed the following update: 9MZ95KL8MR0L-Microsoft.ScreenSketch
Information,20/05/2026 19:13:11,Microsoft-Windows-WindowsUpdateClient,43,Windows Update Agent,Installation Started: Windows has started installing the following update: 9MZ95KL8MR0L-Microsoft.ScreenSketch
Information,20/05/2026 19:13:11,Microsoft-Windows-WindowsUpdateClient,19,Windows Update Agent,Installation Successful: Windows successfully installed the following update: 9PB1PFTHHM15-Microsoft.UI.Xaml.2.4
Information,20/05/2026 19:13:11,Microsoft-Windows-WindowsUpdateClient,44,Windows Update Agent,Windows Update started downloading an update.
Information,20/05/2026 19:13:11,Microsoft-Windows-WindowsUpdateClient,43,Windows Update Agent,Installation Started: Windows has started installing the following update: 9PB1PFTHHM15-Microsoft.UI.Xaml.2.4
Information,20/05/2026 19:13:11,Microsoft-Windows-WindowsUpdateClient,19,Windows Update Agent,Installation Successful: Windows successfully installed the following update: 9NMPJ99VJBWV-Microsoft.YourPhone
Information,20/05/2026 19:13:02,Microsoft-Windows-Kernel-General,16,None,The access history in hive \??\C:\ProgramData\Microsoft\Windows\AppRepository\Packages\Microsoft.Microsoft3DViewer_7.2602.8012.0_x64__8wekyb3d8bbwe\ActivationStore.dat was cleared updating 0 keys and creating 0 modified pages.
Information,20/05/2026 19:12:59,Microsoft-Windows-WindowsUpdateClient,43,Windows Update Agent,Installation Started: Windows has started installing the following update: 9NMPJ99VJBWV-Microsoft.YourPhone
Information,20/05/2026 19:12:58,Microsoft-Windows-Kernel-General,16,None,The access history in hive \??\C:\ProgramData\Microsoft\Windows\AppRepository\Packages\Microsoft.ScreenSketch_10.2008.3001.0_x64__8wekyb3d8bbwe\ActivationStore.dat was cleared updating 0 keys and creating 0 modified pages.
Information,20/05/2026 19:12:55,Microsoft-Windows-Kernel-General,16,None,The access history in hive \??\C:\ProgramData\Microsoft\Windows\AppRepository\Packages\Microsoft.UI.Xaml.2.4_2.42007.9001.0_x64__8wekyb3d8bbwe\ActivationStore.dat was cleared updating 0 keys and creating 0 modified pages.
Information,20/05/2026 19:12:54,Microsoft-Windows-WindowsUpdateClient,44,Windows Update Agent,Windows Update started downloading an update.
Information,20/05/2026 19:12:54,Microsoft-Windows-WindowsUpdateClient,44,Windows Update Agent,Windows Update started downloading an update.
Information,20/05/2026 19:12:52,Microsoft-Windows-Kernel-General,16,None,The access history in hive \??\C:\ProgramData\Microsoft\Windows\AppRepository\Packages\Microsoft.UI.Xaml.2.4_2.42007.9001.0_x86__8wekyb3d8bbwe\ActivationStore.dat was cleared updating 0 keys and creating 0 modified pages.
Information,20/05/2026 19:12:51,Microsoft-Windows-WindowsUpdateClient,19,Windows Update Agent,Installation Successful: Windows successfully installed the following update: 9N5TDP8VCMHS-Microsoft.WebMediaExtensions
Information,20/05/2026 19:12:50,Microsoft-Windows-WindowsUpdateClient,43,Windows Update Agent,Installation Started: Windows has started installing the following update: 9N5TDP8VCMHS-Microsoft.WebMediaExtensions
Information,20/05/2026 19:12:50,Microsoft-Windows-WindowsUpdateClient,19,Windows Update Agent,Installation Successful: Windows successfully installed the following update: 9WZDNCRFJ3PR-MICROSOFT.WINDOWSALARMS
Information,20/05/2026 19:12:50,Microsoft-Windows-WindowsUpdateClient,43,Windows Update Agent,Installation Started: Windows has started installing the following update: 9WZDNCRFJ3PR-MICROSOFT.WINDOWSALARMS
Information,20/05/2026 19:12:50,Microsoft-Windows-WindowsUpdateClient,44,Windows Update Agent,Windows Update started downloading an update.
Information,20/05/2026 19:12:50,Microsoft-Windows-WindowsUpdateClient,44,Windows Update Agent,Windows Update started downloading an update.
Information,20/05/2026 19:12:50,Microsoft-Windows-WindowsUpdateClient,44,Windows Update Agent,Windows Update started downloading an update.
Information,20/05/2026 19:12:49,Microsoft-Windows-WindowsUpdateClient,19,Windows Update Agent,Installation Successful: Windows successfully installed the following update: 9NZBF4GT040C-Microsoft.BingSearch
Information,20/05/2026 19:12:48,Microsoft-Windows-Kernel-General,16,None,The access history in hive \??\C:\Users\admin\AppData\Local\Packages\Microsoft.BingSearch_8wekyb3d8bbwe\Settings\settings.dat was cleared updating 3 keys and creating 1 modified pages.
Information,20/05/2026 19:12:48,Microsoft-Windows-Kernel-General,16,None,The access history in hive \??\C:\ProgramData\Microsoft\Windows\AppRepository\Packages\Microsoft.WindowsAlarms_11.2512.0.0_x64__8wekyb3d8bbwe\ActivationStore.dat was cleared updating 0 keys and creating 0 modified pages.
Information,20/05/2026 19:12:48,Microsoft-Windows-WindowsUpdateClient,43,Windows Update Agent,Installation Started: Windows has started installing the following update: 9NZBF4GT040C-Microsoft.BingSearch
Information,20/05/2026 19:12:48,Microsoft-Windows-Kernel-General,16,None,The access history in hive \??\C:\ProgramData\Microsoft\Windows\AppRepository\Packages\Microsoft.WebMediaExtensions_1.2.17.0_x64__8wekyb3d8bbwe\ActivationStore.dat was cleared updating 0 keys and creating 0 modified pages.
Information,20/05/2026 19:12:46,Microsoft-Windows-Kernel-General,16,None,The access history in hive \??\C:\ProgramData\Microsoft\Windows\AppRepository\Packages\Microsoft.BingSearch_1.1.40.0_x64__8wekyb3d8bbwe\ActivationStore.dat was cleared updating 0 keys and creating 0 modified pages.
Information,20/05/2026 19:12:46,Microsoft-Windows-WindowsUpdateClient,44,Windows Update Agent,Windows Update started downloading an update.
Information,20/05/2026 19:12:40,Microsoft-Windows-WindowsUpdateClient,19,Windows Update Agent,Installation Successful: Windows successfully installed the following update: 9WZDNCRFHVQM-MICROSOFT.WINDOWSCOMMUNICATIONSAPPS
Information,20/05/2026 19:12:40,Microsoft-Windows-WindowsUpdateClient,44,Windows Update Agent,Windows Update started downloading an update.
Information,20/05/2026 19:12:38,Microsoft-Windows-WindowsUpdateClient,43,Windows Update Agent,Installation Started: Windows has started installing the following update: 9WZDNCRFHVQM-MICROSOFT.WINDOWSCOMMUNICATIONSAPPS
Information,20/05/2026 19:12:38,Microsoft-Windows-WindowsUpdateClient,19,Windows Update Agent,Installation Successful: Windows successfully installed the following update: 9WZDNCRFJBBG-MICROSOFT.WINDOWSCAMERA
Information,20/05/2026 19:12:38,Microsoft-Windows-WindowsUpdateClient,44,Windows Update Agent,Windows Update started downloading an update.
Information,20/05/2026 19:12:38,Microsoft-Windows-Kernel-General,16,None,The access history in hive \??\C:\Users\admin\AppData\Local\Packages\Microsoft.WindowsCamera_8wekyb3d8bbwe\Settings\settings.dat was cleared updating 3 keys and creating 1 modified pages.
Information,20/05/2026 19:12:37,Microsoft-Windows-WindowsUpdateClient,43,Windows Update Agent,Installation Started: Windows has started installing the following update: 9WZDNCRFJBBG-MICROSOFT.WINDOWSCAMERA
Information,20/05/2026 19:12:37,Microsoft-Windows-WindowsUpdateClient,19,Windows Update Agent,Installation Successful: Windows successfully installed the following update: 9WZDNCRFHWKN-MICROSOFT.WINDOWSSOUNDRECORDER
Information,20/05/2026 19:12:36,Microsoft-Windows-WindowsUpdateClient,43,Windows Update Agent,Installation Started: Windows has started installing the following update: 9WZDNCRFHWKN-MICROSOFT.WINDOWSSOUNDRECORDER
Information,20/05/2026 19:12:36,Microsoft-Windows-WindowsUpdateClient,19,Windows Update Agent,Installation Successful: Windows successfully installed the following update: 9PKRS2FVRWBT-Microsoft.UI.Xaml.2.3
Information,20/05/2026 19:12:36,Microsoft-Windows-Kernel-General,16,None,The access history in hive \??\C:\ProgramData\Microsoft\Windows\AppRepository\Packages\microsoft.windowscommunicationsapps_16005.14326.22342.0_x64__8wekyb3d8bbwe\ActivationStore.dat was cleared updating 0 keys and creating 0 modified pages.
Information,20/05/2026 19:12:35,Microsoft-Windows-WindowsUpdateClient,43,Windows Update Agent,Installation Started: Windows has started installing the following update: 9PKRS2FVRWBT-Microsoft.UI.Xaml.2.3
Information,20/05/2026 19:12:35,Microsoft-Windows-Kernel-General,16,None,The access history in hive \??\C:\ProgramData\Microsoft\Windows\AppRepository\Packages\Microsoft.WindowsCamera_2025.2510.2.0_x64__8wekyb3d8bbwe\ActivationStore.dat was cleared updating 0 keys and creating 0 modified pages.
Information,20/05/2026 19:12:32,Microsoft-Windows-Kernel-General,16,None,The access history in hive \??\C:\ProgramData\Microsoft\Windows\AppRepository\Packages\Microsoft.UI.Xaml.2.3_2.32002.13001.0_x64__8wekyb3d8bbwe\ActivationStore.dat was cleared updating 0 keys and creating 0 modified pages.
Information,20/05/2026 19:12:30,Microsoft-Windows-Kernel-General,16,None,The access history in hive \??\C:\ProgramData\Microsoft\Windows\AppRepository\Packages\Microsoft.WindowsSoundRecorder_10.2103.28.0_x64__8wekyb3d8bbwe\ActivationStore.dat was cleared updating 0 keys and creating 0 modified pages.
Information,20/05/2026 19:12:27,Microsoft-Windows-Kernel-General,16,None,The access history in hive \??\C:\ProgramData\Microsoft\Windows\AppRepository\Packages\Microsoft.UI.Xaml.2.3_2.32002.13001.0_x86__8wekyb3d8bbwe\ActivationStore.dat was cleared updating 0 keys and creating 0 modified pages.
Information,20/05/2026 19:12:25,Microsoft-Windows-WindowsUpdateClient,19,Windows Update Agent,Installation Successful: Windows successfully installed the following update: 9MTW6RN84LVM-Microsoft.NET.Native.Runtime.1.7
Information,20/05/2026 19:12:24,Microsoft-Windows-WindowsUpdateClient,43,Windows Update Agent,Installation Started: Windows has started installing the following update: 9MTW6RN84LVM-Microsoft.NET.Native.Runtime.1.7
Information,20/05/2026 19:12:24,Microsoft-Windows-WindowsUpdateClient,19,Windows Update Agent,Installation Successful: Windows successfully installed the following update: 9NZM7B1BB5TR-Microsoft.NET.Native.Framework.1.7
Information,20/05/2026 19:12:23,Microsoft-Windows-WindowsUpdateClient,43,Windows Update Agent,Installation Started: Windows has started installing the following update: 9NZM7B1BB5TR-Microsoft.NET.Native.Framework.1.7
Information,20/05/2026 19:12:23,Microsoft-Windows-WindowsUpdateClient,19,Windows Update Agent,Installation Successful: Windows successfully installed the following update: 9WZDNCRFJBD8-Microsoft.XboxApp
Information,20/05/2026 19:12:23,Microsoft-Windows-WindowsUpdateClient,44,Windows Update Agent,Windows Update started downloading an update.
Information,20/05/2026 19:12:23,Microsoft-Windows-WindowsUpdateClient,44,Windows Update Agent,Windows Update started downloading an update.
Information,20/05/2026 19:12:23,Microsoft-Windows-WindowsUpdateClient,44,Windows Update Agent,Windows Update started downloading an update.
Information,20/05/2026 19:12:23,Microsoft-Windows-WindowsUpdateClient,43,Windows Update Agent,Installation Started: Windows has started installing the following update: 9WZDNCRFJBD8-Microsoft.XboxApp
Information,20/05/2026 19:12:22,Microsoft-Windows-WindowsUpdateClient,19,Windows Update Agent,Installation Successful: Windows successfully installed the following update: 9P086NHDNB9W-Microsoft.XboxSpeechtoTextOverlay
Information,20/05/2026 19:12:21,Microsoft-Windows-WindowsUpdateClient,43,Windows Update Agent,Installation Started: Windows has started installing the following update: 9P086NHDNB9W-Microsoft.XboxSpeechtoTextOverlay
Information,20/05/2026 19:12:18,Microsoft-Windows-Kernel-General,16,None,The access history in hive \??\C:\ProgramData\Microsoft\Windows\AppRepository\Packages\Microsoft.XboxSpeechToTextOverlay_1.21.13002.0_x64__8wekyb3d8bbwe\ActivationStore.dat was cleared updating 0 keys and creating 0 modified pages.
Information,20/05/2026 19:12:17,Microsoft-Windows-Kernel-General,16,None,The access history in hive \??\C:\ProgramData\Microsoft\Windows\AppRepository\Packages\Microsoft.XboxApp_48.104.4001.0_x64__8wekyb3d8bbwe\ActivationStore.dat was cleared updating 0 keys and creating 0 modified pages.
Information,20/05/2026 19:12:14,Microsoft-Windows-WindowsUpdateClient,44,Windows Update Agent,Windows Update started downloading an update.
Information,20/05/2026 19:12:11,Microsoft-Windows-WindowsUpdateClient,44,Windows Update Agent,Windows Update started downloading an update.
Information,20/05/2026 19:12:11,Microsoft-Windows-WindowsUpdateClient,44,Windows Update Agent,Windows Update started downloading an update.
Information,20/05/2026 19:12:11,Microsoft-Windows-WindowsUpdateClient,44,Windows Update Agent,Windows Update started downloading an update.
Information,20/05/2026 19:12:11,Microsoft-Windows-WindowsUpdateClient,44,Windows Update Agent,Windows Update started downloading an update.
Information,20/05/2026 19:02:49,Service Control Manager,7040,None,The start type of the Background Intelligent Transfer Service service was changed from auto start to demand start.
Information,20/05/2026 18:59:57,Microsoft-Windows-WindowsUpdateClient,19,Windows Update Agent,Installation Successful: Windows successfully installed the following update: Security Intelligence Update for Microsoft Defender Antivirus - KB2267602 (Version 1.451.15.0) - Current Channel (Broad)
Information,20/05/2026 18:59:49,Microsoft-Windows-WindowsUpdateClient,43,Windows Update Agent,Installation Started: Windows has started installing the following update: Security Intelligence Update for Microsoft Defender Antivirus - KB2267602 (Version 1.451.15.0) - Current Channel (Broad)
Information,20/05/2026 18:59:49,Microsoft-Windows-WindowsUpdateClient,44,Windows Update Agent,Windows Update started downloading an update.
Information,20/05/2026 18:56:41,Service Control Manager,7040,None,The start type of the Background Intelligent Transfer Service service was changed from demand start to auto start.
Information,20/05/2026 18:56:29,Service Control Manager,7040,None,The start type of the Background Intelligent Transfer Service service was changed from auto start to demand start.
Error,20/05/2026 18:54:39,Microsoft-Windows-TPM-WMI,1801,None,"Secure Boot CA/keys need to be updated. This device signature information is included here.
DeviceAttributes: BaseBoardManufacturer:;FirmwareManufacturer:;FirmwareVersion:;OEMModelNumber:VirtualBox;OEMModelBaseBoard:;OEMModelSystemFamily:;OEMManufacturerName:innotek GmbH;OEMModelSKU:;OSArchitecture:amd64;
BucketId: b3505d1a9b743dca12c6f738fbc9cddc334820127646250a334f0be309937214
BucketConfidenceLevel: 
UpdateType: 0
HResult: The operation completed successfully."
Warning,20/05/2026 18:51:40,Microsoft-Windows-DistributedCOM,10016,None,"The application-specific permission settings do not grant Local Launch permission for the COM Server application with CLSID 
Windows.SecurityCenter.WscDataProtection
 and APPID 
Unavailable
 to the user NT AUTHORITY\SYSTEM SID (S-1-5-18) from address LocalHost (Using LRPC) running in the application container Unavailable SID (Unavailable). This security permission can be modified using the Component Services administrative tool."
Warning,20/05/2026 18:51:40,Microsoft-Windows-DistributedCOM,10016,None,"The application-specific permission settings do not grant Local Launch permission for the COM Server application with CLSID 
Windows.SecurityCenter.SecurityAppBroker
 and APPID 
Unavailable
 to the user NT AUTHORITY\SYSTEM SID (S-1-5-18) from address LocalHost (Using LRPC) running in the application container Unavailable SID (Unavailable). This security permission can be modified using the Component Services administrative tool."
Warning,20/05/2026 18:51:40,Microsoft-Windows-DistributedCOM,10016,None,"The application-specific permission settings do not grant Local Launch permission for the COM Server application with CLSID 
Windows.SecurityCenter.WscBrokerManager
 and APPID 
Unavailable
 to the user NT AUTHORITY\SYSTEM SID (S-1-5-18) from address LocalHost (Using LRPC) running in the application container Unavailable SID (Unavailable). This security permission can be modified using the Component Services administrative tool."
Information,20/05/2026 18:51:23,Service Control Manager,7040,None,The start type of the Background Intelligent Transfer Service service was changed from demand start to auto start.
Warning,20/05/2026 18:51:10,disk,153,None,The IO operation at logical block address 0x43eea for Disk 0 (PDO name: \Device\0000001e) was retried.
Warning,20/05/2026 18:51:10,storahci,129,None,"Reset to device, \Device\RaidPort0, was issued."
Warning,20/05/2026 18:49:59,Microsoft-Windows-DistributedCOM,10016,None,"The machine-default permission settings do not grant Local Activation permission for the COM Server application with CLSID 
{F87B28F1-DA9A-4F35-8EC0-800EFCF26B83}
 and APPID 
{0868DC9B-D9A2-4F64-9362-133CEA201299}
 to the user NT AUTHORITY\NETWORK SERVICE SID (S-1-5-20) from address LocalHost (Using LRPC) running in the application container Unavailable SID (Unavailable). This security permission can be modified using the Component Services administrative tool."
Information,20/05/2026 18:49:59,Microsoft-Windows-Winlogon,7001,(1101),User Log-on Notification for Customer Experience Improvement Program
Information,20/05/2026 18:49:40,Service Control Manager,7026,None,"The following boot-start or system-start driver(s) did not load: 
dam"
Information,20/05/2026 18:49:39,Microsoft-Windows-Kernel-General,1,(5),"The system time has changed to ‚Äé2026‚Äé-‚Äé05‚Äé-‚Äé20T17:49:39.085000000Z from ‚Äé2026‚Äé-‚Äé05‚Äé-‚Äé20T18:49:37.781553700Z.

Change Reason: An application or system component changed the time.
Process: '\Device\HarddiskVolume2\Windows\System32\VBoxService.exe' (PID 1488)."
Information,20/05/2026 18:49:39,Microsoft-Windows-Kernel-General,24,(11),The time zone information was refreshed with exit reason 0. Current time zone bias is -60.
Information,20/05/2026 19:49:37,Microsoft-Windows-DHCPv6-Client,51046,Service State Event,DHCPv6 client service is started
Information,20/05/2026 19:49:37,Microsoft-Windows-FilterManager,6,None,"File System Filter 'bindflt' (10.0, ‚Äé2091‚Äé-‚Äé04‚Äé-‚Äé16T00:55:03.000000000Z) has successfully loaded and registered with Filter Manager."
Information,20/05/2026 19:49:37,Microsoft-Windows-Dhcp-Client,50103,Service State Event,DHCPv4 client registered for shutdown notification
Information,20/05/2026 19:49:37,Microsoft-Windows-Dhcp-Client,50036,Service State Event,DHCPv4 client service is started
Information,20/05/2026 19:49:37,Microsoft-Windows-FilterManager,6,None,"File System Filter 'UCPD' (10.0, ‚Äé2006‚Äé-‚Äé08‚Äé-‚Äé28T12:56:22.000000000Z) has successfully loaded and registered with Filter Manager."
Information,20/05/2026 19:49:37,Microsoft-Windows-FilterManager,6,None,"File System Filter 'storqosflt' (10.0, ‚Äé2038‚Äé-‚Äé12‚Äé-‚Äé03T10:18:20.000000000Z) has successfully loaded and registered with Filter Manager."
Information,20/05/2026 19:49:37,Microsoft-Windows-FilterManager,6,None,"File System Filter 'CldFlt' (10.0, ‚Äé2032‚Äé-‚Äé05‚Äé-‚Äé25T09:06:53.000000000Z) has successfully loaded and registered with Filter Manager."
Information,20/05/2026 19:49:37,Microsoft-Windows-FilterManager,1,None,"File System Filter 'CldFlt' (Version 10.0, ‚Äé2032‚Äé-‚Äé05‚Äé-‚Äé25T09:06:53.000000000Z) unloaded successfully."
Information,20/05/2026 19:49:37,Microsoft-Windows-FilterManager,6,None,"File System Filter 'CldFlt' (10.0, ‚Äé2032‚Äé-‚Äé05‚Äé-‚Äé25T09:06:53.000000000Z) has successfully loaded and registered with Filter Manager."
Information,20/05/2026 19:49:37,Microsoft-Windows-FilterManager,6,None,"File System Filter 'luafv' (10.0, ‚Äé1996‚Äé-‚Äé01‚Äé-‚Äé27T13:16:28.000000000Z) has successfully loaded and registered with Filter Manager."
Information,20/05/2026 19:49:37,Microsoft-Windows-FilterManager,6,None,"File System Filter 'wcifs' (10.0, ‚Äé2043‚Äé-‚Äé11‚Äé-‚Äé04T12:04:53.000000000Z) has successfully loaded and registered with Filter Manager."
Information,20/05/2026 19:49:37,Microsoft-Windows-Directory-Services-SAM,16983,None,"The security account manager is now logging periodic summary events for remote clients that call legacy password change or set RPC methods.

For more information please see https://go.microsoft.com/fwlink/?linkid=2150956.
"
Information,20/05/2026 19:49:37,Microsoft-Windows-Directory-Services-SAM,16977,None,"The domain is configured with the following minimum password length-related settings.

MinimumPasswordLength: 0

RelaxMinimumPasswordLengthLimits: 0

MinimumPasswordLengthAudit: -1

For more information see https://go.microsoft.com/fwlink/?LinkId=2097191.
"
Information,20/05/2026 19:49:37,Microsoft-Windows-Directory-Services-SAM,16962,None,"Remote calls to the SAM database are being restricted using the default security descriptor: O:SYG:SYD:(A;;RC;;;BA).
For more information please see http://go.microsoft.com/fwlink/?LinkId=787651."
Information,20/05/2026 19:49:36,Microsoft-Windows-Wininit,14,None,"Credential Guard configuration: 0x0, 0"
Information,20/05/2026 19:49:36,Microsoft-Windows-Kernel-General,24,(11),The time zone information was refreshed with exit reason 0. Current time zone bias is -60.
Information,20/05/2026 19:49:35,Microsoft-Windows-Ntfs,98,None,Volume \\?\Volume{b6f36d9a-0000-0000-0000-405d0c000000} (\Device\HarddiskVolume3) is healthy.  No action is needed.
Information,20/05/2026 19:49:33,Microsoft-Windows-Kernel-Power,521,(220),Active battery count change.
Information,20/05/2026 19:49:33,Microsoft-Windows-Kernel-Power,521,(220),Active battery count change.
Information,20/05/2026 19:49:33,Microsoft-Windows-Kernel-Processor-Power,55,(47),"Processor 3 in group 0 exposes the following power management capabilities:

Idle state type: ACPI Idle (C) States (1 state(s))

Performance state type: None
Nominal Frequency (MHz): 2995
Maximum performance percentage: 100
Minimum performance percentage: 100
Minimum throttle percentage: 100"
Information,20/05/2026 19:49:33,Microsoft-Windows-Kernel-Processor-Power,55,(47),"Processor 2 in group 0 exposes the following power management capabilities:

Idle state type: ACPI Idle (C) States (1 state(s))

Performance state type: None
Nominal Frequency (MHz): 2995
Maximum performance percentage: 100
Minimum performance percentage: 100
Minimum throttle percentage: 100"
Information,20/05/2026 19:49:33,Microsoft-Windows-Kernel-Processor-Power,55,(47),"Processor 1 in group 0 exposes the following power management capabilities:

Idle state type: ACPI Idle (C) States (1 state(s))

Performance state type: None
Nominal Frequency (MHz): 2995
Maximum performance percentage: 100
Minimum performance percentage: 100
Minimum throttle percentage: 100"
Information,20/05/2026 19:49:33,Microsoft-Windows-Kernel-Processor-Power,55,(47),"Processor 0 in group 0 exposes the following power management capabilities:

Idle state type: ACPI Idle (C) States (1 state(s))

Performance state type: None
Nominal Frequency (MHz): 2995
Maximum performance percentage: 100
Minimum performance percentage: 100
Minimum throttle percentage: 100"
Information,20/05/2026 19:49:33,Microsoft-Windows-Kernel-Power,172,(203),"Connectivity state in standby: Disconnected, Reason: NIC compliance"
Critical,20/05/2026 19:49:33,Microsoft-Windows-Kernel-Power,41,(63),"The system has rebooted without cleanly shutting down first. This error could be caused if the system stopped responding, crashed, or lost power unexpectedly."
Information,20/05/2026 19:49:33,Microsoft-Windows-Ntfs,98,None,Volume \\?\Volume{b6f36d9a-0000-0000-0000-100000000000} (\Device\HarddiskVolume1) is healthy.  No action is needed.
Information,20/05/2026 19:49:33,Microsoft-Windows-FilterManager,6,None,"File System Filter 'npsvctrig' (10.0, ‚Äé2025‚Äé-‚Äé01‚Äé-‚Äé06T03:41:12.000000000Z) has successfully loaded and registered with Filter Manager."
Information,20/05/2026 19:49:32,Microsoft-Windows-FilterManager,6,None,"File System Filter 'FileCrypt' (10.0, ‚Äé2002‚Äé-‚Äé03‚Äé-‚Äé01T12:12:42.000000000Z) has successfully loaded and registered with Filter Manager."
Information,20/05/2026 19:49:32,Microsoft-Windows-Ntfs,98,None,Volume C: (\Device\HarddiskVolume2) is healthy.  No action is needed.
Information,20/05/2026 19:49:28,Microsoft-Windows-FilterManager,6,None,"File System Filter 'WdFilter' (10.0, ‚Äé2021‚Äé-‚Äé12‚Äé-‚Äé23T03:07:25.000000000Z) has successfully loaded and registered with Filter Manager."
Information,20/05/2026 19:49:28,Microsoft-Windows-FilterManager,6,None,"File System Filter 'Wof' (10.0, ‚Äé2090‚Äé-‚Äé03‚Äé-‚Äé16T19:56:17.000000000Z) has successfully loaded and registered with Filter Manager."
Information,20/05/2026 19:49:28,Microsoft-Windows-FilterManager,6,None,"File System Filter 'FileInfo' (10.0, ‚Äé2062‚Äé-‚Äé12‚Äé-‚Äé23T06:21:06.000000000Z) has successfully loaded and registered with Filter Manager."
Information,20/05/2026 19:49:28,Microsoft-Windows-HAL,16,None,The iommu fault reporting has been initialized.
Information,20/05/2026 19:49:37,EventLog,6013,None,The system uptime is 10 seconds.
Information,20/05/2026 19:49:37,EventLog,6005,None,The Event log service was started.
Information,20/05/2026 19:49:37,EventLog,6009,None,Microsoft (R) Windows (R) 10.00. 19045  Multiprocessor Free.
Error,20/05/2026 19:49:37,EventLog,6008,None,The previous system shutdown at 19:47:50 on ‚Äé20/‚Äé05/‚Äé2026 was unexpected.
Information,20/05/2026 19:49:28,Microsoft-Windows-Kernel-General,20,(6),"The leap second configuration has been updated.
Reason: Leap second data initialized from registry during boot
Leap seconds enabled: true
New leap second count: 0
Old leap second count: 0"
Information,20/05/2026 19:49:28,Microsoft-Windows-Kernel-Boot,32,(58),The bootmgr spent 0 ms waiting for user input.
Information,20/05/2026 19:49:28,Microsoft-Windows-Kernel-Boot,18,(57),There are 0x1 boot options on this system.
Information,20/05/2026 19:49:28,Microsoft-Windows-Kernel-Boot,27,(33),The boot type was 0x0.
Information,20/05/2026 19:49:28,Microsoft-Windows-Kernel-Boot,25,(32),The boot menu policy was 0x1.
Information,20/05/2026 19:49:28,Microsoft-Windows-Kernel-Boot,20,(31),The last shutdown's success status was false. The last boot's success status was true.
Information,20/05/2026 19:49:28,Microsoft-Windows-Kernel-Boot,153,(62),Virtualization-based security (policies: 0) is disabled.
Information,20/05/2026 19:49:28,Microsoft-Windows-Kernel-General,12,(1),The operating system started at system time ‚Äé2026‚Äé-‚Äé05‚Äé-‚Äé20T18:49:27.500000000Z.
Information,20/05/2026 18:47:07,Microsoft-Windows-Dhcp-Client,50037,Service State Event,DHCPv4 client service is stopped. ShutDown Flag value is 1
Information,20/05/2026 18:47:07,Microsoft-Windows-DHCPv6-Client,51057,Service State Event,DHCPv6 client service stop is almost done.DHCP Context Ref count is 1
Information,20/05/2026 18:47:07,Microsoft-Windows-DHCPv6-Client,51047,Service State Event,DHCPv6 client service is stopped. ShutDown Flag value is 1
Information,20/05/2026 18:47:07,Microsoft-Windows-Dhcp-Client,50106,Service State Event,DHCPv4 is waiting on DHCPv6 service to stop
Information,20/05/2026 18:47:07,Microsoft-Windows-Dhcp-Client,50105,Service State Event,DHCPv4 client ProcessDHCPRequestForever received TERMINATE_EVENT
Information,20/05/2026 18:47:07,Microsoft-Windows-Dhcp-Client,50104,Service State Event,DHCPv4 client received shutdown notification
Information,20/05/2026 18:47:06,Microsoft-Windows-Winlogon,7002,(1102),User Log-off Notification for Customer Experience Improvement Program
Information,20/05/2026 18:47:07,EventLog,6006,None,The Event log service was stopped.
Information,20/05/2026 18:47:06,Microsoft-Windows-WindowsUpdateClient,19,Windows Update Agent,Installation Successful: Windows successfully installed the following update: 9N8MHTPHNGVV-Microsoft.Windows.DevHome
Information,20/05/2026 18:47:06,Microsoft-Windows-WindowsUpdateClient,43,Windows Update Agent,Installation Started: Windows has started installing the following update: 9N8MHTPHNGVV-Microsoft.Windows.DevHome
Information,20/05/2026 18:47:06,Microsoft-Windows-WindowsUpdateClient,19,Windows Update Agent,Installation Successful: Windows successfully installed the following update: 9NH2SW16MQ7F-Microsoft.WindowsAppRuntime.1.5
Information,20/05/2026 18:47:06,Microsoft-Windows-WindowsUpdateClient,43,Windows Update Agent,Installation Started: Windows has started installing the following update: 9NH2SW16MQ7F-Microsoft.WindowsAppRuntime.1.5
Information,20/05/2026 18:47:05,Microsoft-Windows-Kernel-General,16,None,The access history in hive \??\C:\ProgramData\Microsoft\Windows\AppRepository\Packages\Microsoft.WindowsAppRuntime.1.5_5001.373.1736.0_x86__8wekyb3d8bbwe\ActivationStore.dat was cleared updating 0 keys and creating 0 modified pages.
Information,20/05/2026 18:47:05,User32,1074,None,"The process C:\Windows\System32\RuntimeBroker.exe (DESKTOP-0NVBQ42) has initiated the power off of computer DESKTOP-0NVBQ42 on behalf of user DESKTOP-0NVBQ42\admin for the following reason: Other (Unplanned)
 Reason Code: 0x0
 Shut-down Type: power off
 Comment: "
Information,20/05/2026 18:47:03,Microsoft-Windows-Kernel-General,16,None,The access history in hive \??\C:\ProgramData\Microsoft\Windows\AppRepository\Packages\Microsoft.WindowsAppRuntime.1.5_5001.373.1736.0_x64__8wekyb3d8bbwe\ActivationStore.dat was cleared updating 0 keys and creating 0 modified pages.
Information,20/05/2026 18:46:58,Microsoft-Windows-Kernel-General,16,None,The access history in hive \??\C:\ProgramData\Microsoft\Windows\AppRepository\Packages\Microsoft.BingSearch_1.1.33.0_x64__8wekyb3d8bbwe\ActivationStore.dat was cleared updating 0 keys and creating 0 modified pages.
Information,20/05/2026 18:46:55,Microsoft-Windows-WindowsUpdateClient,44,Windows Update Agent,Windows Update started downloading an update.
Information,20/05/2026 18:46:55,Microsoft-Windows-WindowsUpdateClient,44,Windows Update Agent,Windows Update started downloading an update.
Information,20/05/2026 18:46:55,Microsoft-Windows-WindowsUpdateClient,44,Windows Update Agent,Windows Update started downloading an update.
Information,20/05/2026 18:46:53,Microsoft-Windows-Kernel-General,16,None,The access history in hive \??\C:\ProgramData\Microsoft\Windows\AppRepository\Packages\Microsoft.Copilot_0.4.2.0_neutral__8wekyb3d8bbwe\ActivationStore.dat was cleared updating 0 keys and creating 0 modified pages.
Information,20/05/2026 18:46:49,Microsoft-Windows-Kernel-General,16,None,The access history in hive \??\C:\Users\admin\AppData\Local\Packages\MicrosoftWindows.UndockedDevKit_cw5n1h2txyewy\Settings\settings.dat was cleared updating 3 keys and creating 1 modified pages.
Information,20/05/2026 18:46:49,Microsoft-Windows-Kernel-General,16,None,The access history in hive \??\C:\Users\admin\AppData\Local\Packages\Microsoft.Windows.OOBENetworkCaptivePortal_cw5n1h2txyewy\Settings\settings.dat was cleared updating 3 keys and creating 1 modified pages.
Information,20/05/2026 18:46:48,Microsoft-Windows-Kernel-General,16,None,The access history in hive \??\C:\Users\admin\AppData\Local\Packages\Microsoft.Windows.OOBENetworkConnectionFlow_cw5n1h2txyewy\Settings\settings.dat was cleared updating 3 keys and creating 1 modified pages.
Information,20/05/2026 18:46:47,Microsoft-Windows-Kernel-General,16,None,The access history in hive \??\C:\Users\admin\AppData\Local\Packages\Microsoft.Windows.CloudExperienceHost_cw5n1h2txyewy\Settings\settings.dat was cleared updating 3 keys and creating 1 modified pages.
Information,20/05/2026 18:46:47,Microsoft-Windows-Kernel-General,16,None,The access history in hive \??\C:\Users\admin\AppData\Local\Packages\Microsoft.BioEnrollment_cw5n1h2txyewy\Settings\settings.dat was cleared updating 3 keys and creating 1 modified pages.
Warning,20/05/2026 18:46:45,Microsoft-Windows-DistributedCOM,10016,None,"The machine-default permission settings do not grant Local Activation permission for the COM Server application with CLSID 
{F87B28F1-DA9A-4F35-8EC0-800EFCF26B83}
 and APPID 
{0868DC9B-D9A2-4F64-9362-133CEA201299}
 to the user NT AUTHORITY\NETWORK SERVICE SID (S-1-5-20) from address LocalHost (Using LRPC) running in the application container Unavailable SID (Unavailable). This security permission can be modified using the Component Services administrative tool."
Information,20/05/2026 18:46:43,Microsoft-Windows-Winlogon,7001,(1101),User Log-on Notification for Customer Experience Improvement Program
Information,20/05/2026 18:35:34,Microsoft-Windows-WindowsUpdateClient,19,Windows Update Agent,Installation Successful: Windows successfully installed the following update: Microsoft .NET Framework 4.8.1 for Windows 10 Version 22H2 for x64 (KB5011048)
Information,20/05/2026 18:35:34,Microsoft-Windows-WindowsUpdateClient,19,Windows Update Agent,"Installation Successful: Windows successfully installed the following update: 2025-10 Cumulative Update for .NET Framework 3.5, 4.8 and 4.8.1 for Windows 10 Version 22H2 for x64 (KB5066747)"
Warning,20/05/2026 18:35:28,Microsoft-Windows-DistributedCOM,10016,None,"The application-specific permission settings do not grant Local Launch permission for the COM Server application with CLSID 
Windows.SecurityCenter.WscDataProtection
 and APPID 
Unavailable
 to the user NT AUTHORITY\SYSTEM SID (S-1-5-18) from address LocalHost (Using LRPC) running in the application container Unavailable SID (Unavailable). This security permission can be modified using the Component Services administrative tool."
Information,20/05/2026 18:35:01,Service Control Manager,7040,None,The start type of the Windows Modules Installer service was changed from auto start to demand start.
Information,20/05/2026 18:34:26,Microsoft-Windows-HttpEvent,15007,None,Reservation for namespace identified by URL prefix http://+:10247/apps/ was successfully added.
Information,20/05/2026 18:34:08,Microsoft-Windows-UserModePowerService,12,(10),Process C:\Windows\WinSxS\amd64_microsoft-windows-servicingstack_31bf3856ad364e35_10.0.19041.6449_none_7e0d59887c8e1467\TiWorker.exe (process ID:1944) reset policy scheme from {381b4222-f694-41f0-9685-ff5bb260df2e} to {381b4222-f694-41f0-9685-ff5bb260df2e}
Information,20/05/2026 18:34:03,Microsoft-Windows-Kernel-General,16,None,The access history in hive \??\C:\ProgramData\Microsoft\Windows\AppRepository\Packages\Windows.CBSPreview_10.0.19041.4239_neutral_neutral_cw5n1h2txyewy\ActivationStore.dat was cleared updating 0 keys and creating 0 modified pages.
Information,20/05/2026 18:34:03,Microsoft-Windows-Kernel-General,16,None,The access history in hive \??\C:\ProgramData\Microsoft\Windows\AppRepository\Packages\MicrosoftWindows.UndockedDevKit_10.0.19041.4239_neutral_neutral_cw5n1h2txyewy\ActivationStore.dat was cleared updating 0 keys and creating 0 modified pages.
Information,20/05/2026 18:34:03,Microsoft-Windows-Kernel-General,16,None,The access history in hive \??\C:\ProgramData\Microsoft\Windows\AppRepository\Packages\MicrosoftWindows.Client.CBS_1000.19062.1000.0_x64__cw5n1h2txyewy\ActivationStore.dat was cleared updating 0 keys and creating 0 modified pages.
Information,20/05/2026 18:34:02,Microsoft-Windows-Kernel-General,16,None,The access history in hive \??\C:\ProgramData\Microsoft\Windows\AppRepository\Packages\Microsoft.Windows.XGpuEjectDialog_10.0.19041.4239_neutral_neutral_cw5n1h2txyewy\ActivationStore.dat was cleared updating 0 keys and creating 0 modified pages.
Information,20/05/2026 18:34:02,Microsoft-Windows-Kernel-General,16,None,The access history in hive \??\C:\ProgramData\Microsoft\Windows\AppRepository\Packages\Microsoft.Windows.StartMenuExperienceHost_10.0.19041.5438_neutral_neutral_cw5n1h2txyewy\ActivationStore.dat was cleared updating 0 keys and creating 0 modified pages.
Information,20/05/2026 18:34:02,Microsoft-Windows-Kernel-General,16,None,The access history in hive \??\C:\ProgramData\Microsoft\Windows\AppRepository\Packages\Microsoft.Windows.ShellExperienceHost_10.0.19041.5072_neutral_neutral_cw5n1h2txyewy\ActivationStore.dat was cleared updating 0 keys and creating 0 modified pages.
Information,20/05/2026 18:34:01,Microsoft-Windows-Kernel-General,16,None,The access history in hive \??\C:\ProgramData\Microsoft\Windows\AppRepository\Packages\Microsoft.Windows.SecureAssessmentBrowser_10.0.19041.4239_neutral_neutral_cw5n1h2txyewy\ActivationStore.dat was cleared updating 0 keys and creating 0 modified pages.
Information,20/05/2026 18:34:01,Microsoft-Windows-Kernel-General,16,None,The access history in hive \??\C:\ProgramData\Microsoft\Windows\AppRepository\Packages\Microsoft.Windows.SecHealthUI_10.0.19041.4239_neutral__cw5n1h2txyewy\ActivationStore.dat was cleared updating 0 keys and creating 0 modified pages.
Information,20/05/2026 18:34:01,Microsoft-Windows-Kernel-General,16,None,The access history in hive \??\C:\ProgramData\Microsoft\Windows\AppRepository\Packages\Microsoft.Windows.PeopleExperienceHost_10.0.19041.4239_neutral_neutral_cw5n1h2txyewy\ActivationStore.dat was cleared updating 0 keys and creating 0 modified pages.
Information,20/05/2026 18:34:00,Microsoft-Windows-Kernel-General,16,None,The access history in hive \??\C:\ProgramData\Microsoft\Windows\AppRepository\Packages\Microsoft.Windows.OOBENetworkConnectionFlow_10.0.19041.4239_neutral__cw5n1h2txyewy\ActivationStore.dat was cleared updating 0 keys and creating 0 modified pages.
Information,20/05/2026 18:34:00,Microsoft-Windows-Kernel-General,16,None,The access history in hive \??\C:\ProgramData\Microsoft\Windows\AppRepository\Packages\Microsoft.Windows.OOBENetworkCaptivePortal_10.0.19041.4239_neutral__cw5n1h2txyewy\ActivationStore.dat was cleared updating 0 keys and creating 0 modified pages.
Information,20/05/2026 18:34:00,Microsoft-Windows-Kernel-General,16,None,The access history in hive \??\C:\ProgramData\Microsoft\Windows\AppRepository\Packages\Microsoft.Windows.NarratorQuickStart_10.0.19041.4239_neutral_neutral_8wekyb3d8bbwe\ActivationStore.dat was cleared updating 0 keys and creating 0 modified pages.
Information,20/05/2026 18:34:00,Microsoft-Windows-Kernel-General,16,None,The access history in hive \??\C:\ProgramData\Microsoft\Windows\AppRepository\Packages\Microsoft.Windows.ContentDeliveryManager_10.0.19041.4239_neutral_neutral_cw5n1h2txyewy\ActivationStore.dat was cleared updating 0 keys and creating 0 modified pages.
Information,20/05/2026 18:33:59,Microsoft-Windows-Kernel-General,16,None,The access history in hive \??\C:\ProgramData\Microsoft\Windows\AppRepository\Packages\Microsoft.Windows.CloudExperienceHost_10.0.19041.6396_neutral_neutral_cw5n1h2txyewy\ActivationStore.dat was cleared updating 0 keys and creating 0 modified pages.
Information,20/05/2026 18:33:59,Microsoft-Windows-Kernel-General,16,None,The access history in hive \??\C:\ProgramData\Microsoft\Windows\AppRepository\Packages\Microsoft.Windows.CapturePicker_10.0.19041.4239_neutral__cw5n1h2txyewy\ActivationStore.dat was cleared updating 0 keys and creating 0 modified pages.
Information,20/05/2026 18:33:59,Microsoft-Windows-Kernel-General,16,None,The access history in hive \??\C:\ProgramData\Microsoft\Windows\AppRepository\Packages\Microsoft.Win32WebViewHost_10.0.19041.4239_neutral_neutral_cw5n1h2txyewy\ActivationStore.dat was cleared updating 0 keys and creating 0 modified pages.
Information,20/05/2026 18:33:59,Microsoft-Windows-Kernel-General,16,None,The access history in hive \??\C:\ProgramData\Microsoft\Windows\AppRepository\Packages\Microsoft.LockApp_10.0.19041.4239_neutral__cw5n1h2txyewy\ActivationStore.dat was cleared updating 0 keys and creating 0 modified pages.
Information,20/05/2026 18:33:59,Microsoft-Windows-Kernel-General,16,None,The access history in hive \??\C:\ProgramData\Microsoft\Windows\AppRepository\Packages\Microsoft.ECApp_10.0.19041.4597_neutral__8wekyb3d8bbwe\ActivationStore.dat was cleared updating 0 keys and creating 0 modified pages.
Information,20/05/2026 18:33:58,Microsoft-Windows-Kernel-General,16,None,The access history in hive \??\C:\ProgramData\Microsoft\Windows\AppRepository\Packages\Microsoft.CredDialogHost_10.0.19041.4239_neutral__cw5n1h2txyewy\ActivationStore.dat was cleared updating 0 keys and creating 0 modified pages.
Information,20/05/2026 18:33:58,Microsoft-Windows-Kernel-General,16,None,The access history in hive \??\C:\ProgramData\Microsoft\Windows\AppRepository\Packages\Microsoft.BioEnrollment_10.0.19041.4239_neutral__cw5n1h2txyewy\ActivationStore.dat was cleared updating 0 keys and creating 0 modified pages.
Information,20/05/2026 18:33:58,Microsoft-Windows-Kernel-General,16,None,The access history in hive \??\C:\ProgramData\Microsoft\Windows\AppRepository\Packages\Microsoft.AsyncTextService_10.0.19041.4239_neutral__8wekyb3d8bbwe\ActivationStore.dat was cleared updating 0 keys and creating 0 modified pages.
Information,20/05/2026 18:33:58,Microsoft-Windows-Kernel-General,16,None,The access history in hive \??\C:\ProgramData\Microsoft\Windows\AppRepository\Packages\Microsoft.AccountsControl_10.0.19041.4239_neutral__cw5n1h2txyewy\ActivationStore.dat was cleared updating 0 keys and creating 0 modified pages.
Information,20/05/2026 18:33:58,Microsoft-Windows-Kernel-General,16,None,The access history in hive \??\C:\ProgramData\Microsoft\Windows\AppRepository\Packages\F46D4000-FD22-4DB4-AC8E-4E1DDDE828FE_10.0.19041.4239_neutral_neutral_cw5n1h2txyewy\ActivationStore.dat was cleared updating 0 keys and creating 0 modified pages.
Information,20/05/2026 18:33:58,Microsoft-Windows-Kernel-General,16,None,The access history in hive \??\C:\ProgramData\Microsoft\Windows\AppRepository\Packages\E2A4F912-2574-4A75-9BB0-0D023378592B_10.0.19041.4239_neutral_neutral_cw5n1h2txyewy\ActivationStore.dat was cleared updating 0 keys and creating 0 modified pages.
Information,20/05/2026 18:33:57,Microsoft-Windows-Kernel-General,16,None,The access history in hive \??\C:\ProgramData\Microsoft\Windows\AppRepository\Packages\c5e2524a-ea46-4f67-841f-6a9465d9d515_10.0.19041.4239_neutral_neutral_cw5n1h2txyewy\ActivationStore.dat was cleared updating 0 keys and creating 0 modified pages.
Information,20/05/2026 18:33:57,Microsoft-Windows-Kernel-General,16,None,The access history in hive \??\C:\ProgramData\Microsoft\Windows\AppRepository\Packages\1527c705-839a-4832-9118-54d4Bd6a0c89_10.0.19041.4239_neutral_neutral_cw5n1h2txyewy\ActivationStore.dat was cleared updating 0 keys and creating 0 modified pages.
Information,20/05/2026 18:33:57,Microsoft-Windows-Kernel-General,16,None,The access history in hive \??\C:\ProgramData\Microsoft\Windows\AppRepository\Packages\NcsiUwpApp_1000.19041.4239.0_neutral_neutral_8wekyb3d8bbwe\ActivationStore.dat was cleared updating 0 keys and creating 0 modified pages.
Information,20/05/2026 18:33:57,Microsoft-Windows-Kernel-General,16,None,The access history in hive \??\C:\ProgramData\Microsoft\Windows\AppRepository\Packages\Microsoft.XboxGameCallableUI_1000.19041.4239.0_neutral_neutral_cw5n1h2txyewy\ActivationStore.dat was cleared updating 0 keys and creating 0 modified pages.
Information,20/05/2026 18:33:56,Microsoft-Windows-Kernel-General,16,None,The access history in hive \??\C:\ProgramData\Microsoft\Windows\AppRepository\Packages\Microsoft.Windows.Search_1.14.18.19041_neutral_neutral_cw5n1h2txyewy\ActivationStore.dat was cleared updating 0 keys and creating 0 modified pages.
Information,20/05/2026 18:33:56,Microsoft-Windows-Kernel-General,16,None,The access history in hive \??\C:\ProgramData\Microsoft\Windows\AppRepository\Packages\Microsoft.Windows.PinningConfirmationDialog_1000.19041.4239.0_neutral__cw5n1h2txyewy\ActivationStore.dat was cleared updating 0 keys and creating 0 modified pages.
Information,20/05/2026 18:33:56,Microsoft-Windows-Kernel-General,16,None,The access history in hive \??\C:\ProgramData\Microsoft\Windows\AppRepository\Packages\Microsoft.Windows.ParentalControls_1000.19041.4239.0_neutral_neutral_cw5n1h2txyewy\ActivationStore.dat was cleared updating 0 keys and creating 0 modified pages.
Information,20/05/2026 18:33:56,Microsoft-Windows-Kernel-General,16,None,The access history in hive \??\C:\ProgramData\Microsoft\Windows\AppRepository\Packages\Microsoft.Windows.CallingShellApp_1000.19041.4239.0_neutral_neutral_cw5n1h2txyewy\ActivationStore.dat was cleared updating 0 keys and creating 0 modified pages.
Information,20/05/2026 18:33:56,Microsoft-Windows-Kernel-General,16,None,The access history in hive \??\C:\ProgramData\Microsoft\Windows\AppRepository\Packages\Microsoft.Windows.AssignedAccessLockApp_1000.19041.4239.0_neutral_neutral_cw5n1h2txyewy\ActivationStore.dat was cleared updating 0 keys and creating 0 modified pages.
Information,20/05/2026 18:33:56,Microsoft-Windows-Kernel-General,16,None,The access history in hive \??\C:\ProgramData\Microsoft\Windows\AppRepository\Packages\Microsoft.Windows.Apprep.ChxApp_1000.19041.4239.0_neutral_neutral_cw5n1h2txyewy\ActivationStore.dat was cleared updating 0 keys and creating 0 modified pages.
Information,20/05/2026 18:33:55,Microsoft-Windows-Kernel-General,16,None,The access history in hive \??\C:\ProgramData\Microsoft\Windows\AppRepository\Packages\Microsoft.AAD.BrokerPlugin_1000.19041.4239.0_neutral_neutral_cw5n1h2txyewy\ActivationStore.dat was cleared updating 0 keys and creating 0 modified pages.
Information,20/05/2026 18:33:54,Microsoft-Windows-UserModePowerService,12,(10),Process C:\Windows\WinSxS\amd64_microsoft-windows-servicingstack_31bf3856ad364e35_10.0.19041.6449_none_7e0d59887c8e1467\TiWorker.exe (process ID:1944) reset policy scheme from {381b4222-f694-41f0-9685-ff5bb260df2e} to {381b4222-f694-41f0-9685-ff5bb260df2e}
Information,20/05/2026 18:33:54,Microsoft-Windows-HttpEvent,15007,None,Reservation for namespace identified by URL prefix http://+:80/116B50EB-ECE2-41ac-8429-9F9E963361B7/ was successfully added.
Information,20/05/2026 18:33:54,Microsoft-Windows-HttpEvent,15007,None,Reservation for namespace identified by URL prefix https://+:443/C574AC30-5794-4AEE-B1BB-6651C5315029/ was successfully added.
Information,20/05/2026 18:33:54,Microsoft-Windows-HttpEvent,15007,None,Reservation for namespace identified by URL prefix http://+:80/0131501b-d67f-491b-9a40-c4bf27bcb4d4/ was successfully added.
Information,20/05/2026 18:33:54,Microsoft-Windows-HttpEvent,15007,None,Reservation for namespace identified by URL prefix http://+:3387/rdp/ was successfully added.
Information,20/05/2026 18:33:54,Microsoft-Windows-HttpEvent,15007,None,Reservation for namespace identified by URL prefix https://+:3392/rdp/ was successfully added.
Error,20/05/2026 18:33:46,Microsoft-Windows-Eventlog,30,Service startup,"The event logging service encountered an error (5) while enabling publisher {0bf2fb94-7b60-4b4d-9766-e82f658df540} to channel Microsoft-Windows-Kernel-ShimEngine/Operational. This does not affect channel operation, but does affect the ability of the publisher to raise events to the channel. One common reason for this error is that the Provider is using ETW Provider Security and has not granted enable permissions to the Event Log service identity."
Information,20/05/2026 18:33:31,Microsoft-Windows-HttpEvent,15008,None,Reservation for namespace identified by URL prefix http://+:3387/rdp/ was successfully deleted.
Information,20/05/2026 18:33:31,Microsoft-Windows-HttpEvent,15008,None,Reservation for namespace identified by URL prefix https://+:3392/rdp/ was successfully deleted.
Information,20/05/2026 18:33:30,Microsoft-Windows-HttpEvent,15008,None,Reservation for namespace identified by URL prefix http://+:80/116B50EB-ECE2-41ac-8429-9F9E963361B7/ was successfully deleted.
Information,20/05/2026 18:33:30,Microsoft-Windows-HttpEvent,15008,None,Reservation for namespace identified by URL prefix https://+:443/C574AC30-5794-4AEE-B1BB-6651C5315029/ was successfully deleted.
Information,20/05/2026 18:33:30,Microsoft-Windows-HttpEvent,15008,None,Reservation for namespace identified by URL prefix http://+:80/0131501b-d67f-491b-9a40-c4bf27bcb4d4/ was successfully deleted.
Information,20/05/2026 18:33:31,Microsoft-Windows-UserModePowerService,12,(10),Process C:\Windows\WinSxS\amd64_microsoft-windows-servicingstack_31bf3856ad364e35_10.0.19041.6449_none_7e0d59887c8e1467\TiWorker.exe (process ID:1944) reset policy scheme from {381b4222-f694-41f0-9685-ff5bb260df2e} to {381b4222-f694-41f0-9685-ff5bb260df2e}
Information,20/05/2026 18:33:31,Microsoft-Windows-UserModePowerService,12,(10),Process C:\Windows\WinSxS\amd64_microsoft-windows-servicingstack_31bf3856ad364e35_10.0.19041.6449_none_7e0d59887c8e1467\TiWorker.exe (process ID:1944) reset policy scheme from {381b4222-f694-41f0-9685-ff5bb260df2e} to {381b4222-f694-41f0-9685-ff5bb260df2e}
Information,20/05/2026 18:33:30,Microsoft-Windows-HttpEvent,15008,None,Reservation for namespace identified by URL prefix http://+:10247/apps/ was successfully deleted.
Information,20/05/2026 18:33:25,Service Control Manager,7026,None,"The following boot-start or system-start driver(s) did not load: 
dam"
Information,20/05/2026 18:33:23,Microsoft-Windows-FilterManager,6,None,"File System Filter 'bindflt' (10.0, ‚Äé2091‚Äé-‚Äé04‚Äé-‚Äé16T00:55:03.000000000Z) has successfully loaded and registered with Filter Manager."
Information,20/05/2026 18:33:23,Microsoft-Windows-FilterManager,6,None,"File System Filter 'UCPD' (10.0, ‚Äé2006‚Äé-‚Äé08‚Äé-‚Äé28T12:56:22.000000000Z) has successfully loaded and registered with Filter Manager."
Information,20/05/2026 18:33:23,Microsoft-Windows-FilterManager,6,None,"File System Filter 'storqosflt' (10.0, ‚Äé2038‚Äé-‚Äé12‚Äé-‚Äé03T10:18:20.000000000Z) has successfully loaded and registered with Filter Manager."
Information,20/05/2026 18:33:23,Microsoft-Windows-FilterManager,6,None,"File System Filter 'CldFlt' (10.0, ‚Äé2032‚Äé-‚Äé05‚Äé-‚Äé25T09:06:53.000000000Z) has successfully loaded and registered with Filter Manager."
Information,20/05/2026 18:33:23,Microsoft-Windows-FilterManager,1,None,"File System Filter 'CldFlt' (Version 10.0, ‚Äé2032‚Äé-‚Äé05‚Äé-‚Äé25T09:06:53.000000000Z) unloaded successfully."
Information,20/05/2026 18:33:23,Microsoft-Windows-FilterManager,6,None,"File System Filter 'CldFlt' (10.0, ‚Äé2032‚Äé-‚Äé05‚Äé-‚Äé25T09:06:53.000000000Z) has successfully loaded and registered with Filter Manager."
Information,20/05/2026 18:33:23,Microsoft-Windows-DHCPv6-Client,51046,Service State Event,DHCPv6 client service is started
Information,20/05/2026 18:33:23,Microsoft-Windows-FilterManager,6,None,"File System Filter 'luafv' (10.0, ‚Äé1996‚Äé-‚Äé01‚Äé-‚Äé27T13:16:28.000000000Z) has successfully loaded and registered with Filter Manager."
Information,20/05/2026 18:33:23,Microsoft-Windows-Dhcp-Client,50103,Service State Event,DHCPv4 client registered for shutdown notification
Information,20/05/2026 18:33:23,Microsoft-Windows-Dhcp-Client,50036,Service State Event,DHCPv4 client service is started
Information,20/05/2026 18:33:23,Microsoft-Windows-FilterManager,6,None,"File System Filter 'wcifs' (10.0, ‚Äé2043‚Äé-‚Äé11‚Äé-‚Äé04T12:04:53.000000000Z) has successfully loaded and registered with Filter Manager."
Information,20/05/2026 18:33:23,Microsoft-Windows-Directory-Services-SAM,16983,None,"The security account manager is now logging periodic summary events for remote clients that call legacy password change or set RPC methods.

For more information please see https://go.microsoft.com/fwlink/?linkid=2150956.
"
Information,20/05/2026 18:33:23,Microsoft-Windows-Directory-Services-SAM,16977,None,"The domain is configured with the following minimum password length-related settings.

MinimumPasswordLength: 0

RelaxMinimumPasswordLengthLimits: 0

MinimumPasswordLengthAudit: -1

For more information see https://go.microsoft.com/fwlink/?LinkId=2097191.
"
Information,20/05/2026 18:33:23,Microsoft-Windows-Directory-Services-SAM,16962,None,"Remote calls to the SAM database are being restricted using the default security descriptor: O:SYG:SYD:(A;;RC;;;BA).
For more information please see http://go.microsoft.com/fwlink/?LinkId=787651."
Information,20/05/2026 18:33:22,Microsoft-Windows-Wininit,14,None,"Credential Guard configuration: 0x0, 0"
Information,20/05/2026 18:33:22,Microsoft-Windows-Kernel-Power,521,(220),Active battery count change.
Information,20/05/2026 18:33:22,Microsoft-Windows-Kernel-Power,521,(220),Active battery count change.
Information,20/05/2026 18:33:22,Microsoft-Windows-Kernel-Processor-Power,55,(47),"Processor 3 in group 0 exposes the following power management capabilities:

Idle state type: ACPI Idle (C) States (1 state(s))

Performance state type: None
Nominal Frequency (MHz): 2995
Maximum performance percentage: 100
Minimum performance percentage: 100
Minimum throttle percentage: 100"
Information,20/05/2026 18:33:22,Microsoft-Windows-Kernel-Processor-Power,55,(47),"Processor 2 in group 0 exposes the following power management capabilities:

Idle state type: ACPI Idle (C) States (1 state(s))

Performance state type: None
Nominal Frequency (MHz): 2995
Maximum performance percentage: 100
Minimum performance percentage: 100
Minimum throttle percentage: 100"
Information,20/05/2026 18:33:22,Microsoft-Windows-Kernel-Processor-Power,55,(47),"Processor 1 in group 0 exposes the following power management capabilities:

Idle state type: ACPI Idle (C) States (1 state(s))

Performance state type: None
Nominal Frequency (MHz): 2995
Maximum performance percentage: 100
Minimum performance percentage: 100
Minimum throttle percentage: 100"
Information,20/05/2026 18:33:22,Microsoft-Windows-Kernel-Processor-Power,55,(47),"Processor 0 in group 0 exposes the following power management capabilities:

Idle state type: ACPI Idle (C) States (1 state(s))

Performance state type: None
Nominal Frequency (MHz): 2995
Maximum performance percentage: 100
Minimum performance percentage: 100
Minimum throttle percentage: 100"
Information,20/05/2026 18:33:19,Microsoft-Windows-Kernel-General,24,(11),The time zone information was refreshed with exit reason 0. Current time zone bias is -60.
Information,20/05/2026 18:33:19,Microsoft-Windows-Ntfs,98,None,Volume \\?\Volume{b6f36d9a-0000-0000-0000-405d0c000000} (\Device\HarddiskVolume3) is healthy.  No action is needed.
Information,20/05/2026 18:33:16,Microsoft-Windows-Kernel-Power,172,(203),"Connectivity state in standby: Disconnected, Reason: NIC compliance"
Information,20/05/2026 18:33:16,Microsoft-Windows-Ntfs,98,None,Volume \\?\Volume{b6f36d9a-0000-0000-0000-100000000000} (\Device\HarddiskVolume1) is healthy.  No action is needed.
Information,20/05/2026 18:33:16,Microsoft-Windows-FilterManager,6,None,"File System Filter 'npsvctrig' (10.0, ‚Äé2025‚Äé-‚Äé01‚Äé-‚Äé06T03:41:12.000000000Z) has successfully loaded and registered with Filter Manager."
Information,20/05/2026 18:33:16,Microsoft-Windows-FilterManager,6,None,"File System Filter 'FileCrypt' (10.0, ‚Äé2002‚Äé-‚Äé03‚Äé-‚Äé01T12:12:42.000000000Z) has successfully loaded and registered with Filter Manager."
Information,20/05/2026 18:33:16,Microsoft-Windows-Ntfs,98,None,Volume C: (\Device\HarddiskVolume2) is healthy.  No action is needed.
Information,20/05/2026 18:33:15,Microsoft-Windows-FilterManager,6,None,"File System Filter 'WdFilter' (10.0, ‚Äé2021‚Äé-‚Äé12‚Äé-‚Äé23T03:07:25.000000000Z) has successfully loaded and registered with Filter Manager."
Information,20/05/2026 18:33:15,Microsoft-Windows-FilterManager,6,None,"File System Filter 'Wof' (10.0, ‚Äé2090‚Äé-‚Äé03‚Äé-‚Äé16T19:56:17.000000000Z) has successfully loaded and registered with Filter Manager."
Information,20/05/2026 18:33:15,Microsoft-Windows-FilterManager,6,None,"File System Filter 'FileInfo' (10.0, ‚Äé2062‚Äé-‚Äé12‚Äé-‚Äé23T06:21:06.000000000Z) has successfully loaded and registered with Filter Manager."
Information,20/05/2026 18:33:15,Microsoft-Windows-HAL,16,None,The iommu fault reporting has been initialized.
Information,20/05/2026 18:33:15,Microsoft-Windows-Kernel-General,20,(6),"The leap second configuration has been updated.
Reason: Leap second data initialized from registry during boot
Leap seconds enabled: true
New leap second count: 0
Old leap second count: 0"
Information,20/05/2026 18:33:15,Microsoft-Windows-Kernel-Boot,32,(58),The bootmgr spent 0 ms waiting for user input.
Information,20/05/2026 18:33:15,Microsoft-Windows-Kernel-Boot,18,(57),There are 0x1 boot options on this system.
Information,20/05/2026 18:33:15,Microsoft-Windows-Kernel-Boot,27,(33),The boot type was 0x0.
Information,20/05/2026 18:33:15,Microsoft-Windows-Kernel-Boot,25,(32),The boot menu policy was 0x1.
Information,20/05/2026 18:33:15,Microsoft-Windows-Kernel-Boot,20,(31),The last shutdown's success status was true. The last boot's success status was true.
Information,20/05/2026 18:33:15,Microsoft-Windows-Kernel-Boot,153,(62),Virtualization-based security (policies: 0) is disabled.
Information,20/05/2026 18:33:15,Microsoft-Windows-Kernel-General,12,(1),The operating system started at system time ‚Äé2026‚Äé-‚Äé05‚Äé-‚Äé20T17:33:14.500000000Z.
Information,20/05/2026 18:33:10,Microsoft-Windows-Kernel-General,13,(2),The operating system is shutting down at system time ‚Äé2026‚Äé-‚Äé05‚Äé-‚Äé20T17:33:10.862169500Z.
Information,20/05/2026 18:33:09,Microsoft-Windows-Kernel-Power,109,(103),"The kernel power manager has initiated a shutdown transition.

Shutdown Reason: Kernel API"
Information,20/05/2026 18:33:23,EventLog,6013,None,The system uptime is 9 seconds.
Information,20/05/2026 18:33:23,EventLog,6005,None,The Event log service was started.
Information,20/05/2026 18:33:23,EventLog,6009,None,Microsoft (R) Windows (R) 10.00. 19045  Multiprocessor Free.
Information,20/05/2026 18:33:07,Microsoft-Windows-Dhcp-Client,50037,Service State Event,DHCPv4 client service is stopped. ShutDown Flag value is 1
Information,20/05/2026 18:33:07,Microsoft-Windows-DHCPv6-Client,51057,Service State Event,DHCPv6 client service stop is almost done.DHCP Context Ref count is 1
Information,20/05/2026 18:33:07,Microsoft-Windows-DHCPv6-Client,51047,Service State Event,DHCPv6 client service is stopped. ShutDown Flag value is 1
Information,20/05/2026 18:33:07,Microsoft-Windows-Dhcp-Client,50106,Service State Event,DHCPv4 is waiting on DHCPv6 service to stop
Information,20/05/2026 18:33:07,Microsoft-Windows-Dhcp-Client,50105,Service State Event,DHCPv4 client ProcessDHCPRequestForever received TERMINATE_EVENT
Information,20/05/2026 18:33:07,Microsoft-Windows-Dhcp-Client,50104,Service State Event,DHCPv4 client received shutdown notification
Information,20/05/2026 18:33:07,EventLog,6006,None,The Event log service was stopped.
Error,20/05/2026 18:33:07,Service Control Manager,7031,None,The Microsoft Defender Antivirus Service service terminated unexpectedly. It has done this 1 time(s). The following corrective action will be taken in 60000 milliseconds: Restart the service.
Error,20/05/2026 18:33:04,Service Control Manager,7000,None,"The AppX Deployment Service (AppXSVC) service failed to start due to the following error: 
The service did not respond to the start or control request in a timely fashion."
Error,20/05/2026 18:33:04,Service Control Manager,7009,None,A timeout was reached (30000 milliseconds) while waiting for the AppX Deployment Service (AppXSVC) service to connect.
Information,20/05/2026 18:33:03,Service Control Manager,7026,None,"The following boot-start or system-start driver(s) did not load: 
dam"
Error,20/05/2026 18:33:03,Service Control Manager,7000,None,"The MDCoreSvc service failed to start due to the following error: 
The service did not respond to the start or control request in a timely fashion."
Error,20/05/2026 18:33:03,Service Control Manager,7009,None,A timeout was reached (45000 milliseconds) while waiting for the MDCoreSvc service to connect.
Error,20/05/2026 18:33:03,Service Control Manager,7001,None,"The LanmanWorkstation service depends on the mrxsmb20 service which failed to start because of the following error: 
The dependency service or group failed to start."
Error,20/05/2026 18:33:03,Service Control Manager,7001,None,"The mrxsmb20 service depends on the mrxsmb service which failed to start because of the following error: 
The specified procedure could not be found."
Error,20/05/2026 18:33:03,Service Control Manager,7000,None,"The mrxsmb service failed to start due to the following error: 
The specified procedure could not be found."
Information,20/05/2026 18:33:03,Application Popup,26,None,"The description for Event ID 26 from source Application Popup cannot be found. Either the component that raises this event is not installed on your local computer or the installation is corrupted. You can install or repair the component on the local computer.

If the event originated on another computer, the display information had to be saved with the event.

The following information was included with the event: 

mrxsmb.sys cannot find ksecdd.sys CredUnmarshalTargetInfo

The message resource is present but the message was not found in the message table
"
Information,20/05/2026 18:33:02,Microsoft-Windows-DHCPv6-Client,51046,Service State Event,DHCPv6 client service is started
Information,20/05/2026 18:33:02,Microsoft-Windows-Dhcp-Client,50103,Service State Event,DHCPv4 client registered for shutdown notification
Information,20/05/2026 18:33:02,Microsoft-Windows-Dhcp-Client,50036,Service State Event,DHCPv4 client service is started
Information,20/05/2026 18:33:02,Microsoft-Windows-FilterManager,6,None,"File System Filter 'bindflt' (10.0, ‚Äé2091‚Äé-‚Äé04‚Äé-‚Äé16T00:55:03.000000000Z) has successfully loaded and registered with Filter Manager."
Information,20/05/2026 18:33:02,Microsoft-Windows-FilterManager,6,None,"File System Filter 'storqosflt' (10.0, ‚Äé2038‚Äé-‚Äé12‚Äé-‚Äé03T10:18:20.000000000Z) has successfully loaded and registered with Filter Manager."
Information,20/05/2026 18:33:02,Microsoft-Windows-FilterManager,6,None,"File System Filter 'CldFlt' (10.0, ‚Äé2032‚Äé-‚Äé05‚Äé-‚Äé25T09:06:53.000000000Z) has successfully loaded and registered with Filter Manager."
Information,20/05/2026 18:33:02,Microsoft-Windows-FilterManager,1,None,"File System Filter 'CldFlt' (Version 10.0, ‚Äé2032‚Äé-‚Äé05‚Äé-‚Äé25T09:06:53.000000000Z) unloaded successfully."
Information,20/05/2026 18:33:02,Microsoft-Windows-FilterManager,6,None,"File System Filter 'CldFlt' (10.0, ‚Äé2032‚Äé-‚Äé05‚Äé-‚Äé25T09:06:53.000000000Z) has successfully loaded and registered with Filter Manager."
Information,20/05/2026 18:33:02,Microsoft-Windows-FilterManager,6,None,"File System Filter 'wcifs' (10.0, ‚Äé2043‚Äé-‚Äé11‚Äé-‚Äé04T12:04:53.000000000Z) has successfully loaded and registered with Filter Manager."
Information,20/05/2026 18:33:02,Microsoft-Windows-FilterManager,6,None,"File System Filter 'luafv' (10.0, ‚Äé1996‚Äé-‚Äé01‚Äé-‚Äé27T13:16:28.000000000Z) has successfully loaded and registered with Filter Manager."
Information,20/05/2026 18:33:02,User32,1074,None,"The process C:\Windows\servicing\TrustedInstaller.exe (DESKTOP-0NVBQ42) has initiated the restart of computer DESKTOP-0NVBQ42 on behalf of user NT AUTHORITY\SYSTEM for the following reason: Operating System: Upgrade (Planned)
 Reason Code: 0x80020003
 Shut-down Type: restart
 Comment: "
Information,20/05/2026 18:31:37,Microsoft-Windows-Directory-Services-SAM,16983,None,"The security account manager is now logging periodic summary events for remote clients that call legacy password change or set RPC methods.

For more information please see https://go.microsoft.com/fwlink/?linkid=2150956.
"
Information,20/05/2026 18:31:37,Microsoft-Windows-Directory-Services-SAM,16977,None,"The domain is configured with the following minimum password length-related settings.

MinimumPasswordLength: 0

RelaxMinimumPasswordLengthLimits: 0

MinimumPasswordLengthAudit: -1

For more information see https://go.microsoft.com/fwlink/?LinkId=2097191.
"
Information,20/05/2026 18:31:37,Microsoft-Windows-Directory-Services-SAM,16962,None,"Remote calls to the SAM database are being restricted using the default security descriptor: O:SYG:SYD:(A;;RC;;;BA).
For more information please see http://go.microsoft.com/fwlink/?LinkId=787651."
Information,20/05/2026 18:31:37,Microsoft-Windows-Wininit,14,None,"Credential Guard configuration: 0x0, 0"
Information,20/05/2026 18:31:36,Microsoft-Windows-Kernel-Power,521,(220),Active battery count change.
Information,20/05/2026 18:31:36,Microsoft-Windows-Kernel-Power,521,(220),Active battery count change.
Information,20/05/2026 18:31:36,Microsoft-Windows-Kernel-Processor-Power,55,(47),"Processor 3 in group 0 exposes the following power management capabilities:

Idle state type: ACPI Idle (C) States (1 state(s))

Performance state type: None
Nominal Frequency (MHz): 2995
Maximum performance percentage: 100
Minimum performance percentage: 100
Minimum throttle percentage: 100"
Information,20/05/2026 18:31:36,Microsoft-Windows-Kernel-Processor-Power,55,(47),"Processor 2 in group 0 exposes the following power management capabilities:

Idle state type: ACPI Idle (C) States (1 state(s))

Performance state type: None
Nominal Frequency (MHz): 2995
Maximum performance percentage: 100
Minimum performance percentage: 100
Minimum throttle percentage: 100"
Information,20/05/2026 18:31:36,Microsoft-Windows-Kernel-Processor-Power,55,(47),"Processor 1 in group 0 exposes the following power management capabilities:

Idle state type: ACPI Idle (C) States (1 state(s))

Performance state type: None
Nominal Frequency (MHz): 2995
Maximum performance percentage: 100
Minimum performance percentage: 100
Minimum throttle percentage: 100"
Information,20/05/2026 18:31:36,Microsoft-Windows-Kernel-Processor-Power,55,(47),"Processor 0 in group 0 exposes the following power management capabilities:

Idle state type: ACPI Idle (C) States (1 state(s))

Performance state type: None
Nominal Frequency (MHz): 2995
Maximum performance percentage: 100
Minimum performance percentage: 100
Minimum throttle percentage: 100"
